{"graph": {"_type": "graph-file", "path": "media/graph/graph_summary_827f53cd.graph.json", "sha256": "827f53cd97972436e619db4e7d56f6f8281c988e6b466a6e167f6ebda4893f49", "size": 584}, "train/global_step": 2, "_timestamp": 1590631526.694413, "_runtime": 494.2224049568176, "_step": 29, "train/keras": null, "global_step": 29, "validation/global_step": 29, "validation/epoch_accuracy": 0.9307065010070801, "validation/epoch_loss": 0.1394020915031433, "train/batch_2": null}
